[{"model": "product.tag", "pk": 1, "fields": {"name": "Dogo"}}, {"model": "product.tag", "pk": 2, "fields": {"name": "Crypto"}}, {"model": "product.tag", "pk": 3, "fields": {"name": "DogeCoin"}}, {"model": "product.tag", "pk": 4, "fields": {"name": "Batman"}}, {"model": "product.art", "pk": 1, "fields": {"externalId": "123", "slug": "doge-coin", "name": "Dogo Coin", "big_image": "art_big/dogecoin_faucet_cover_02.jpg", "description": "Lorem Ipsum is simply dummy text of the printing and typesetting industry. Lorem Ipsum has been the industry's standard dummy text ever since the 1500s, when an unknown printer took a galley of type and scrambled it to make a type specimen book. It has survived not only five centuries, but also the leap into electronic typesetting, remaining essentially unchanged. It was popularised in the 1960s with the release of Letraset sheets containing Lorem Ipsum passages, and more recently with desktop publishing software like Aldus PageMaker including versions of Lorem Ipsum.", "unit_price": 1.0, "stock": -1, "artist": 1, "dateAdded": "2017-12-28T14:05:02.085Z", "tags": [1, 2, 3]}}, {"model": "product.support", "pk": 1, "fields": {"externalId": "wt12", "slug": "vtshirt", "name": "V-necked-Tshirt", "description": "Some shitty text", "unit_price": 20.0, "vendor_price": 5.0, "vendor": 1, "dateAdded": "2017-12-28T14:00:36.419Z"}}, {"model": "product.support", "pk": 2, "fields": {"externalId": "hoodie", "slug": "hoodie", "name": "Hoodie", "description": "Some nice quality hoodie", "unit_price": 50.0, "vendor_price": 20.0, "vendor": 1, "dateAdded": "2017-12-28T14:03:09.102Z"}}, {"model": "product.stock", "pk": 1, "fields": {"support": 1, "size": 1, "colour": 1, "stock": 5}}, {"model": "product.stock", "pk": 2, "fields": {"support": 1, "size": 2, "colour": 1, "stock": 3}}, {"model": "product.stock", "pk": 3, "fields": {"support": 1, "size": 3, "colour": 1, "stock": -1}}, {"model": "product.stock", "pk": 4, "fields": {"support": 1, "size": 4, "colour": 1, "stock": 4}}, {"model": "product.stock", "pk": 5, "fields": {"support": 1, "size": 5, "colour": 1, "stock": -1}}, {"model": "product.stock", "pk": 6, "fields": {"support": 1, "size": 2, "colour": 2, "stock": -1}}, {"model": "product.stock", "pk": 7, "fields": {"support": 1, "size": 3, "colour": 2, "stock": -1}}, {"model": "product.stock", "pk": 8, "fields": {"support": 1, "size": 4, "colour": 2, "stock": -1}}, {"model": "product.stock", "pk": 9, "fields": {"support": 1, "size": 5, "colour": 2, "stock": -1}}, {"model": "product.stock", "pk": 10, "fields": {"support": 1, "size": 4, "colour": 3, "stock": 3}}, {"model": "product.stock", "pk": 11, "fields": {"support": 1, "size": 3, "colour": 3, "stock": 2}}, {"model": "product.stock", "pk": 12, "fields": {"support": 1, "size": 5, "colour": 4, "stock": -1}}, {"model": "product.stock", "pk": 13, "fields": {"support": 1, "size": 1, "colour": 4, "stock": -1}}, {"model": "product.stock", "pk": 14, "fields": {"support": 2, "size": 1, "colour": 1, "stock": -1}}, {"model": "product.stock", "pk": 15, "fields": {"support": 2, "size": 2, "colour": 1, "stock": -1}}, {"model": "product.stock", "pk": 16, "fields": {"support": 2, "size": 3, "colour": 1, "stock": -1}}, {"model": "product.stock", "pk": 17, "fields": {"support": 2, "size": 4, "colour": 1, "stock": -1}}, {"model": "product.stock", "pk": 18, "fields": {"support": 2, "size": 3, "colour": 3, "stock": 2}}, {"model": "product.stock", "pk": 19, "fields": {"support": 2, "size": 4, "colour": 3, "stock": 2}}, {"model": "product.stock", "pk": 20, "fields": {"support": 2, "size": 5, "colour": 3, "stock": 2}}, {"model": "vendor.vendor", "pk": 1, "fields": {"name": "Shitty China", "sizes_chart": "vendors/3b09Bh8cp2Etmd0CSaXBDt_sizes.jpg"}}, {"model": "vendor.size", "pk": 1, "fields": {"vendor": 1, "name": "XS"}}, {"model": "vendor.size", "pk": 2, "fields": {"vendor": 1, "name": "S"}}, {"model": "vendor.size", "pk": 3, "fields": {"vendor": 1, "name": "M"}}, {"model": "vendor.size", "pk": 4, "fields": {"vendor": 1, "name": "L"}}, {"model": "vendor.size", "pk": 5, "fields": {"vendor": 1, "name": "XL"}}, {"model": "vendor.colour", "pk": 1, "fields": {"vendor": 1, "name": "White"}}, {"model": "vendor.colour", "pk": 2, "fields": {"vendor": 1, "name": "Black"}}, {"model": "vendor.colour", "pk": 3, "fields": {"vendor": 1, "name": "Red"}}, {"model": "vendor.colour", "pk": 4, "fields": {"vendor": 1, "name": "Blue"}}, {"model": "artist.artist", "pk": 1, "fields": {"name": "Meme Shop"}}, {"model": "gallery.image", "pk": 1, "fields": {"relative_path": "art/1/M6iTS5jGjl3kAqQBdehp0p0u.jpg", "art": 1, "primary": true}}, {"model": "gallery.image", "pk": 2, "fields": {"relative_path": "art/1/Y2kQNgBbL7VcoJBHqiNIlYjT.jpg", "art": 1, "primary": false}}, {"model": "gallery.image", "pk": 3, "fields": {"relative_path": "art/1/T7boG3eNtjO4hzyyF7GfJ5HM.jpg", "art": 1, "primary": false}}, {"model": "gallery.image", "pk": 4, "fields": {"relative_path": "art/1/YCpdklZbHBCwHiogExHi1QMr.jpg", "art": 1, "primary": false}}, {"model": "contenttypes.contenttype", "pk": 1, "fields": {"app_label": "customer", "model": "customer"}}, {"model": "contenttypes.contenttype", "pk": 2, "fields": {"app_label": "contact", "model": "contact"}}, {"model": "contenttypes.contenttype", "pk": 3, "fields": {"app_label": "product", "model": "art"}}, {"model": "contenttypes.contenttype", "pk": 4, "fields": {"app_label": "product", "model": "support"}}, {"model": "contenttypes.contenttype", "pk": 5, "fields": {"app_label": "product", "model": "tag"}}, {"model": "contenttypes.contenttype", "pk": 6, "fields": {"app_label": "product", "model": "stock"}}, {"model": "contenttypes.contenttype", "pk": 7, "fields": {"app_label": "vendor", "model": "vendor"}}, {"model": "contenttypes.contenttype", "pk": 8, "fields": {"app_label": "vendor", "model": "colour"}}, {"model": "contenttypes.contenttype", "pk": 9, "fields": {"app_label": "vendor", "model": "size"}}, {"model": "contenttypes.contenttype", "pk": 10, "fields": {"app_label": "artist", "model": "artist"}}, {"model": "contenttypes.contenttype", "pk": 11, "fields": {"app_label": "gallery", "model": "image"}}, {"model": "contenttypes.contenttype", "pk": 12, "fields": {"app_label": "order", "model": "shippingdetails"}}, {"model": "contenttypes.contenttype", "pk": 13, "fields": {"app_label": "order", "model": "orderdetails"}}, {"model": "contenttypes.contenttype", "pk": 14, "fields": {"app_label": "order", "model": "order"}}, {"model": "contenttypes.contenttype", "pk": 15, "fields": {"app_label": "admin", "model": "logentry"}}, {"model": "contenttypes.contenttype", "pk": 16, "fields": {"app_label": "auth", "model": "permission"}}, {"model": "contenttypes.contenttype", "pk": 17, "fields": {"app_label": "auth", "model": "user"}}, {"model": "contenttypes.contenttype", "pk": 18, "fields": {"app_label": "auth", "model": "group"}}, {"model": "contenttypes.contenttype", "pk": 19, "fields": {"app_label": "contenttypes", "model": "contenttype"}}, {"model": "contenttypes.contenttype", "pk": 20, "fields": {"app_label": "sessions", "model": "session"}}, {"model": "contenttypes.contenttype", "pk": 21, "fields": {"app_label": "changuito", "model": "cart"}}, {"model": "contenttypes.contenttype", "pk": 22, "fields": {"app_label": "changuito", "model": "item"}}, {"model": "sessions.session", "pk": "31ypxql341opoadokw0i5sesvhon7ygl", "fields": {"session_data": "YTY4YWI0NzBmMzhiOTcxNzhlNmI5YzZmYjc2ZjQwZGRiODMzNmRjMjp7Il9hdXRoX3VzZXJfYmFja2VuZCI6ImRqYW5nby5jb250cmliLmF1dGguYmFja2VuZHMuTW9kZWxCYWNrZW5kIiwiQ0FSVC1JRCI6MiwiX2F1dGhfdXNlcl9pZCI6IjEiLCJfYXV0aF91c2VyX2hhc2giOiJkNDNhOTBlMmJmNDU3OGJmZDRhNDczYjExN2VmZDY3YzkwZjMwMDdhIn0=", "expire_date": "2018-01-11T13:54:48.617Z"}}, {"model": "auth.permission", "pk": 1, "fields": {"name": "Can add customer", "content_type": 1, "codename": "add_customer"}}, {"model": "auth.permission", "pk": 2, "fields": {"name": "Can change customer", "content_type": 1, "codename": "change_customer"}}, {"model": "auth.permission", "pk": 3, "fields": {"name": "Can delete customer", "content_type": 1, "codename": "delete_customer"}}, {"model": "auth.permission", "pk": 4, "fields": {"name": "Can add contact", "content_type": 2, "codename": "add_contact"}}, {"model": "auth.permission", "pk": 5, "fields": {"name": "Can change contact", "content_type": 2, "codename": "change_contact"}}, {"model": "auth.permission", "pk": 6, "fields": {"name": "Can delete contact", "content_type": 2, "codename": "delete_contact"}}, {"model": "auth.permission", "pk": 7, "fields": {"name": "Can add Art", "content_type": 3, "codename": "add_art"}}, {"model": "auth.permission", "pk": 8, "fields": {"name": "Can change Art", "content_type": 3, "codename": "change_art"}}, {"model": "auth.permission", "pk": 9, "fields": {"name": "Can delete Art", "content_type": 3, "codename": "delete_art"}}, {"model": "auth.permission", "pk": 10, "fields": {"name": "Can add Print Support", "content_type": 4, "codename": "add_support"}}, {"model": "auth.permission", "pk": 11, "fields": {"name": "Can change Print Support", "content_type": 4, "codename": "change_support"}}, {"model": "auth.permission", "pk": 12, "fields": {"name": "Can delete Print Support", "content_type": 4, "codename": "delete_support"}}, {"model": "auth.permission", "pk": 13, "fields": {"name": "Can add Tag", "content_type": 5, "codename": "add_tag"}}, {"model": "auth.permission", "pk": 14, "fields": {"name": "Can change Tag", "content_type": 5, "codename": "change_tag"}}, {"model": "auth.permission", "pk": 15, "fields": {"name": "Can delete Tag", "content_type": 5, "codename": "delete_tag"}}, {"model": "auth.permission", "pk": 16, "fields": {"name": "Can add stock", "content_type": 6, "codename": "add_stock"}}, {"model": "auth.permission", "pk": 17, "fields": {"name": "Can change stock", "content_type": 6, "codename": "change_stock"}}, {"model": "auth.permission", "pk": 18, "fields": {"name": "Can delete stock", "content_type": 6, "codename": "delete_stock"}}, {"model": "auth.permission", "pk": 19, "fields": {"name": "Can add Vendor", "content_type": 7, "codename": "add_vendor"}}, {"model": "auth.permission", "pk": 20, "fields": {"name": "Can change Vendor", "content_type": 7, "codename": "change_vendor"}}, {"model": "auth.permission", "pk": 21, "fields": {"name": "Can delete Vendor", "content_type": 7, "codename": "delete_vendor"}}, {"model": "auth.permission", "pk": 22, "fields": {"name": "Can add colour", "content_type": 8, "codename": "add_colour"}}, {"model": "auth.permission", "pk": 23, "fields": {"name": "Can change colour", "content_type": 8, "codename": "change_colour"}}, {"model": "auth.permission", "pk": 24, "fields": {"name": "Can delete colour", "content_type": 8, "codename": "delete_colour"}}, {"model": "auth.permission", "pk": 25, "fields": {"name": "Can add size", "content_type": 9, "codename": "add_size"}}, {"model": "auth.permission", "pk": 26, "fields": {"name": "Can change size", "content_type": 9, "codename": "change_size"}}, {"model": "auth.permission", "pk": 27, "fields": {"name": "Can delete size", "content_type": 9, "codename": "delete_size"}}, {"model": "auth.permission", "pk": 28, "fields": {"name": "Can add Artist", "content_type": 10, "codename": "add_artist"}}, {"model": "auth.permission", "pk": 29, "fields": {"name": "Can change Artist", "content_type": 10, "codename": "change_artist"}}, {"model": "auth.permission", "pk": 30, "fields": {"name": "Can delete Artist", "content_type": 10, "codename": "delete_artist"}}, {"model": "auth.permission", "pk": 31, "fields": {"name": "Can add image", "content_type": 11, "codename": "add_image"}}, {"model": "auth.permission", "pk": 32, "fields": {"name": "Can change image", "content_type": 11, "codename": "change_image"}}, {"model": "auth.permission", "pk": 33, "fields": {"name": "Can delete image", "content_type": 11, "codename": "delete_image"}}, {"model": "auth.permission", "pk": 34, "fields": {"name": "Can add shipping details", "content_type": 12, "codename": "add_shippingdetails"}}, {"model": "auth.permission", "pk": 35, "fields": {"name": "Can change shipping details", "content_type": 12, "codename": "change_shippingdetails"}}, {"model": "auth.permission", "pk": 36, "fields": {"name": "Can delete shipping details", "content_type": 12, "codename": "delete_shippingdetails"}}, {"model": "auth.permission", "pk": 37, "fields": {"name": "Can add order details", "content_type": 13, "codename": "add_orderdetails"}}, {"model": "auth.permission", "pk": 38, "fields": {"name": "Can change order details", "content_type": 13, "codename": "change_orderdetails"}}, {"model": "auth.permission", "pk": 39, "fields": {"name": "Can delete order details", "content_type": 13, "codename": "delete_orderdetails"}}, {"model": "auth.permission", "pk": 40, "fields": {"name": "Can add order", "content_type": 14, "codename": "add_order"}}, {"model": "auth.permission", "pk": 41, "fields": {"name": "Can change order", "content_type": 14, "codename": "change_order"}}, {"model": "auth.permission", "pk": 42, "fields": {"name": "Can delete order", "content_type": 14, "codename": "delete_order"}}, {"model": "auth.permission", "pk": 43, "fields": {"name": "Can add log entry", "content_type": 15, "codename": "add_logentry"}}, {"model": "auth.permission", "pk": 44, "fields": {"name": "Can change log entry", "content_type": 15, "codename": "change_logentry"}}, {"model": "auth.permission", "pk": 45, "fields": {"name": "Can delete log entry", "content_type": 15, "codename": "delete_logentry"}}, {"model": "auth.permission", "pk": 46, "fields": {"name": "Can add permission", "content_type": 16, "codename": "add_permission"}}, {"model": "auth.permission", "pk": 47, "fields": {"name": "Can change permission", "content_type": 16, "codename": "change_permission"}}, {"model": "auth.permission", "pk": 48, "fields": {"name": "Can delete permission", "content_type": 16, "codename": "delete_permission"}}, {"model": "auth.permission", "pk": 49, "fields": {"name": "Can add user", "content_type": 17, "codename": "add_user"}}, {"model": "auth.permission", "pk": 50, "fields": {"name": "Can change user", "content_type": 17, "codename": "change_user"}}, {"model": "auth.permission", "pk": 51, "fields": {"name": "Can delete user", "content_type": 17, "codename": "delete_user"}}, {"model": "auth.permission", "pk": 52, "fields": {"name": "Can add group", "content_type": 18, "codename": "add_group"}}, {"model": "auth.permission", "pk": 53, "fields": {"name": "Can change group", "content_type": 18, "codename": "change_group"}}, {"model": "auth.permission", "pk": 54, "fields": {"name": "Can delete group", "content_type": 18, "codename": "delete_group"}}, {"model": "auth.permission", "pk": 55, "fields": {"name": "Can add content type", "content_type": 19, "codename": "add_contenttype"}}, {"model": "auth.permission", "pk": 56, "fields": {"name": "Can change content type", "content_type": 19, "codename": "change_contenttype"}}, {"model": "auth.permission", "pk": 57, "fields": {"name": "Can delete content type", "content_type": 19, "codename": "delete_contenttype"}}, {"model": "auth.permission", "pk": 58, "fields": {"name": "Can add session", "content_type": 20, "codename": "add_session"}}, {"model": "auth.permission", "pk": 59, "fields": {"name": "Can change session", "content_type": 20, "codename": "change_session"}}, {"model": "auth.permission", "pk": 60, "fields": {"name": "Can delete session", "content_type": 20, "codename": "delete_session"}}, {"model": "auth.permission", "pk": 61, "fields": {"name": "Can add cart", "content_type": 21, "codename": "add_cart"}}, {"model": "auth.permission", "pk": 62, "fields": {"name": "Can change cart", "content_type": 21, "codename": "change_cart"}}, {"model": "auth.permission", "pk": 63, "fields": {"name": "Can delete cart", "content_type": 21, "codename": "delete_cart"}}, {"model": "auth.permission", "pk": 64, "fields": {"name": "Can add item", "content_type": 22, "codename": "add_item"}}, {"model": "auth.permission", "pk": 65, "fields": {"name": "Can change item", "content_type": 22, "codename": "change_item"}}, {"model": "auth.permission", "pk": 66, "fields": {"name": "Can delete item", "content_type": 22, "codename": "delete_item"}}, {"model": "auth.user", "pk": 1, "fields": {"password": "pbkdf2_sha256$36000$uwkEEogp4PZg$NogKkjY1rf6YLm+8u1r2OCg13F4vx1jiQ7gsgZ21XWo=", "last_login": "2017-12-28T13:54:48.157Z", "is_superuser": true, "username": "vlad", "first_name": "", "last_name": "", "email": "", "is_staff": true, "is_active": true, "date_joined": "2017-12-28T13:54:20.302Z", "groups": [], "user_permissions": []}}, {"model": "changuito.cart", "pk": 1, "fields": {"user": null, "creation_date": "2017-12-28T13:54:39.143Z", "checked_out": false}}, {"model": "changuito.cart", "pk": 2, "fields": {"user": 1, "creation_date": "2017-12-28T13:54:48.513Z", "checked_out": false}}, {"model": "admin.logentry", "pk": 1, "fields": {"action_time": "2017-12-28T13:58:10.215Z", "user": 1, "content_type": 7, "object_id": "1", "object_repr": "Shitty China", "action_flag": 1, "change_message": "[{\"added\": {}}, {\"added\": {\"object\": \"XS\", \"name\": \"size\"}}, {\"added\": {\"object\": \"S\", \"name\": \"size\"}}, {\"added\": {\"object\": \"M\", \"name\": \"size\"}}, {\"added\": {\"object\": \"L\", \"name\": \"size\"}}, {\"added\": {\"object\": \"XL\", \"name\": \"size\"}}, {\"added\": {\"object\": \"White\", \"name\": \"colour\"}}, {\"added\": {\"object\": \"Black\", \"name\": \"colour\"}}, {\"added\": {\"object\": \"Red\", \"name\": \"colour\"}}, {\"added\": {\"object\": \"Blue\", \"name\": \"colour\"}}]"}}, {"model": "admin.logentry", "pk": 2, "fields": {"action_time": "2017-12-28T14:00:36.426Z", "user": 1, "content_type": 4, "object_id": "1", "object_repr": "White Tshirt", "action_flag": 1, "change_message": "[{\"added\": {}}, {\"added\": {\"object\": \"White - XS\", \"name\": \"stock\"}}, {\"added\": {\"object\": \"White - S\", \"name\": \"stock\"}}, {\"added\": {\"object\": \"White - M\", \"name\": \"stock\"}}, {\"added\": {\"object\": \"White - L\", \"name\": \"stock\"}}, {\"added\": {\"object\": \"White - XL\", \"name\": \"stock\"}}, {\"added\": {\"object\": \"Black - S\", \"name\": \"stock\"}}, {\"added\": {\"object\": \"Black - M\", \"name\": \"stock\"}}, {\"added\": {\"object\": \"Black - L\", \"name\": \"stock\"}}, {\"added\": {\"object\": \"Black - XL\", \"name\": \"stock\"}}, {\"added\": {\"object\": \"Red - L\", \"name\": \"stock\"}}, {\"added\": {\"object\": \"Red - M\", \"name\": \"stock\"}}, {\"added\": {\"object\": \"Blue - XL\", \"name\": \"stock\"}}, {\"added\": {\"object\": \"Blue - XS\", \"name\": \"stock\"}}]"}}, {"model": "admin.logentry", "pk": 3, "fields": {"action_time": "2017-12-28T14:01:06.455Z", "user": 1, "content_type": 4, "object_id": "1", "object_repr": "V-necked-Tshirt", "action_flag": 2, "change_message": "[{\"changed\": {\"fields\": [\"slug\", \"name\"]}}]"}}, {"model": "admin.logentry", "pk": 4, "fields": {"action_time": "2017-12-28T14:03:09.107Z", "user": 1, "content_type": 4, "object_id": "2", "object_repr": "Hoodie", "action_flag": 1, "change_message": "[{\"added\": {}}, {\"added\": {\"object\": \"White - XS\", \"name\": \"stock\"}}, {\"added\": {\"object\": \"White - S\", \"name\": \"stock\"}}, {\"added\": {\"object\": \"White - M\", \"name\": \"stock\"}}, {\"added\": {\"object\": \"White - L\", \"name\": \"stock\"}}, {\"added\": {\"object\": \"Red - M\", \"name\": \"stock\"}}, {\"added\": {\"object\": \"Red - L\", \"name\": \"stock\"}}, {\"added\": {\"object\": \"Red - XL\", \"name\": \"stock\"}}]"}}, {"model": "admin.logentry", "pk": 5, "fields": {"action_time": "2017-12-28T14:04:00.361Z", "user": 1, "content_type": 10, "object_id": "1", "object_repr": "Meme Shop", "action_flag": 1, "change_message": "[{\"added\": {}}]"}}, {"model": "admin.logentry", "pk": 6, "fields": {"action_time": "2017-12-28T14:04:05.900Z", "user": 1, "content_type": 5, "object_id": "1", "object_repr": "Dogo", "action_flag": 1, "change_message": "[{\"added\": {}}]"}}, {"model": "admin.logentry", "pk": 7, "fields": {"action_time": "2017-12-28T14:04:16.508Z", "user": 1, "content_type": 5, "object_id": "2", "object_repr": "Crypto", "action_flag": 1, "change_message": "[{\"added\": {}}]"}}, {"model": "admin.logentry", "pk": 8, "fields": {"action_time": "2017-12-28T14:04:24.403Z", "user": 1, "content_type": 5, "object_id": "3", "object_repr": "DogeCoin", "action_flag": 1, "change_message": "[{\"added\": {}}]"}}, {"model": "admin.logentry", "pk": 9, "fields": {"action_time": "2017-12-28T14:04:30.546Z", "user": 1, "content_type": 5, "object_id": "4", "object_repr": "Batman", "action_flag": 1, "change_message": "[{\"added\": {}}]"}}, {"model": "admin.logentry", "pk": 10, "fields": {"action_time": "2017-12-28T14:05:03.014Z", "user": 1, "content_type": 3, "object_id": "1", "object_repr": "Dogo Coin", "action_flag": 1, "change_message": "[{\"added\": {}}, {\"added\": {\"object\": \"Image object\", \"name\": \"image\"}}, {\"added\": {\"object\": \"Image object\", \"name\": \"image\"}}, {\"added\": {\"object\": \"Image object\", \"name\": \"image\"}}, {\"added\": {\"object\": \"Image object\", \"name\": \"image\"}}]"}}]